{"cameraMode":{"drawMode":0,"name":"Shaded","section":"Shading Mode"},"sceneLighting":true,"audioPlay":false,"sceneViewState":{"m_AlwaysRefresh":false,"showFog":true,"showSkybox":false,"showFlares":true,"showImageEffects":true,"showParticleSystems":true,"showVisualEffectGraphs":true,"m_FxEnabled":true},"in2DMode":false,"pivot":{"x":26.230310440063478,"y":-5.88460111618042,"z":13.855071067810059},"rotation":{"x":0.22895121574401856,"y":0.11379770934581757,"z":-0.029280567541718484,"w":0.9667385220527649},"size":7.9435906410217289,"orthographic":false}