{"cameraMode":{"drawMode":0,"name":"Shaded","section":"Shading Mode"},"sceneLighting":true,"audioPlay":false,"sceneViewState":{"m_AlwaysRefresh":false,"showFog":true,"showSkybox":false,"showFlares":true,"showImageEffects":true,"showParticleSystems":true,"showVisualEffectGraphs":true,"m_FxEnabled":true},"in2DMode":false,"pivot":{"x":24.447158813476564,"y":0.5488200783729553,"z":1.4278115034103394},"rotation":{"x":0.14337167143821717,"y":0.697144627571106,"z":-0.13261330127716065,"w":0.6900490522384644},"size":1.1934473514556885,"orthographic":false}