{"cameraMode":{"drawMode":0,"name":"Shaded","section":"Shading Mode"},"sceneLighting":true,"audioPlay":false,"sceneViewState":{"m_AlwaysRefresh":false,"showFog":true,"showSkybox":false,"showFlares":true,"showImageEffects":true,"showParticleSystems":true,"showVisualEffectGraphs":true,"m_FxEnabled":true},"in2DMode":false,"pivot":{"x":200.97442626953126,"y":25.71153450012207,"z":43.352970123291019},"rotation":{"x":0.028172509744763376,"y":-0.6790663003921509,"z":-0.01991433836519718,"w":-0.7341102361679077},"size":69.56416320800781,"orthographic":false}