{"cameraMode":{"drawMode":0,"name":"Shaded","section":"Shading Mode"},"sceneLighting":true,"audioPlay":false,"sceneViewState":{"m_AlwaysRefresh":false,"showFog":true,"showSkybox":false,"showFlares":true,"showImageEffects":true,"showParticleSystems":true,"showVisualEffectGraphs":true,"m_FxEnabled":true},"in2DMode":false,"pivot":{"x":4.363767147064209,"y":-0.5287776589393616,"z":11.716775894165039},"rotation":{"x":0.23081018030643464,"y":-0.06630902737379074,"z":0.009642666205763817,"w":0.9717261791229248},"size":2.9906563758850099,"orthographic":false}